stud_id,first_name,middle_name,last_name,valid_from,valid_to
1,Gerianne,Marguerite,De Cleen,2019-06-10 21:58:12,
2,Jermaine,Zed,Zebedee,2020-02-10 20:56:59,
3,Emmie,Ralf,Wickey,2019-10-13 3:47:53,
4,,,,2019-09-08 14:03:47,
5,Ondrea,Rosabel,Cianni,2020-04-19 18:44:13,
6,,,,2019-11-04 13:30:20,
7,Ware,Lola,Ionnisian,2020-05-07 22:54:07,
8,Morissa,Maible,Skyrme,2019-12-26 10:50:59,
9,Arley,Wainwright,Cockle,2020-04-10 9:43:14,
10,Ty,Elvin,de Leon,2020-01-30 19:29:38,
11,,,,2019-07-26 4:23:10,
12,,,,2020-01-26 19:16:19,
13,Brendin,Cosmo,Deshorts,2019-08-16 18:38:32,
14,Stacie,Hesther,Spencelayh,2019-06-10 13:48:03,
15,Lew,Lianne,Comiskey,2019-11-04 5:38:41,
16,,,,2019-06-03 3:38:10,
17,,,,2020-04-28 2:15:32,
18,Sly,Moss,McCurtin,2019-12-03 7:34:49,
19,,,,2019-07-03 9:56:49,
20,,,,2019-08-09 2:51:38,
21,Sharyl,Elly,Dorracott,2020-01-02 17:06:55,
22,,,,2019-11-29 17:11:05,
23,Willie,Del,Fearnyhough,2020-01-11 13:37:06,
24,Dennie,Lanny,Pes,2020-05-03 20:14:37,
25,Jock,Fanchon,Ceeley,2020-01-02 7:10:18,
26,Roseline,Valaree,Joinson,2020-05-10 6:12:20,
27,,,,2019-08-24 7:04:27,
28,Leila,Sterling,McMickan,2020-02-17 0:43:43,
29,Dela,Caryl,Luney,2020-03-07 15:12:22,
30,Gabrielle,Ag,Cancott,2019-09-27 14:53:13,
31,,,,2019-09-23 12:39:00,
32,,,,2020-03-23 8:59:52,
33,,,,2019-09-02 19:29:18,
34,,,,2019-11-17 2:40:29,
35,Burtie,Sidoney,Bruhnicke,2019-09-06 21:32:18,
36,Dane,Odell,Mouat,2020-04-23 19:10:06,
37,Hoyt,Shaughn,Littell,2019-08-18 17:49:38,
38,,,,2020-02-28 12:38:48,
39,Michaela,Ewell,McInulty,2020-01-20 22:16:40,
40,Rodrick,Angela,Hemphall,2020-05-04 11:30:30,
41,Raviv,Sherlock,Breckwell,2019-11-11 4:51:57,
42,Dorris,Cleo,Butterley,2019-07-15 18:32:38,
43,Kendall,Wye,Briers,2019-05-26 16:14:14,
44,Jed,Drugi,Loughren,2019-08-08 0:11:05,
45,Ciel,Marlo,Patton,2019-12-04 17:41:39,
46,Kain,Renata,Drage,2020-02-19 9:19:44,
47,,,,2020-01-13 2:39:26,
48,Cos,Mandi,Curd,2020-04-21 14:21:28,
49,Shaughn,Corbie,Bisiker,2019-07-16 13:35:59,
50,Sapphire,Shermy,Lesley,2019-07-21 15:23:29,
51,,,,2019-09-19 15:27:35,
52,Holden,Lian,Defew,2020-04-24 9:48:15,
53,Merrel,Madonna,Thiem,2019-12-01 5:17:01,
54,Lisette,Melitta,Nixon,2020-01-03 5:58:36,
55,Cletis,Talbot,Ganing,2019-10-28 13:32:23,
56,Ivie,Henrieta,Treby,2019-08-24 3:42:15,
57,Judith,Sibby,Shelf,2019-11-11 20:32:06,
58,,,,2020-04-21 8:51:50,
59,Perl,Langsdon,Bruhnsen,2019-10-06 18:35:12,
60,Jemie,Teddy,Furnell,2019-11-08 13:38:21,
61,Terencio,Lizbeth,Burds,2019-05-31 0:31:20,
62,Trueman,Giustino,Junkison,2020-02-21 13:21:53,
63,,,,2019-05-24 0:01:22,
64,Rhiamon,Conway,Buchett,2019-09-26 20:47:53,
65,Nanci,Berke,Griffoen,2020-03-14 21:16:28,
66,,,,2020-01-16 3:36:34,
67,Jehanna,Merilyn,Harring,2020-03-25 3:11:13,
68,Ted,Betti,Wingrove,2019-07-17 15:53:58,
69,Christine,Katleen,Phayre,2020-03-28 19:09:04,
70,Zandra,Anni,Weddeburn,2019-08-25 21:58:14,
71,Sandi,Freddi,Beenham,2019-11-26 9:49:20,
72,Elaina,Jobie,Pleasaunce,2019-08-16 15:10:04,
73,,,,2019-09-11 23:14:06,
74,Clemence,Golda,Haugeh,2019-08-23 16:29:54,
75,Camey,Vernen,Mowbury,2019-05-22 3:36:33,
76,Case,Ardelle,Sked,2019-09-08 15:21:33,
77,Meryl,Sapphira,Marriot,2020-04-27 18:11:43,
78,Denise,Douglas,Bottom,2019-06-13 0:15:59,
79,Alick,Maribelle,Syvret,2020-05-11 17:53:54,
80,Kinny,Shawna,Antoszewski,2019-11-12 12:43:48,
81,Towny,Terrie,Sprowell,2020-02-23 8:17:06,
82,Giuditta,Alie,Humpherson,2019-12-16 8:46:58,
83,,,,2019-08-29 16:21:40,
84,,,,2020-04-14 14:52:13,
85,,,,2019-11-24 21:55:22,
86,,,,2019-12-04 20:56:06,
87,Tedmund,Halie,Seeborne,2019-12-24 3:19:57,
88,,,,2019-07-10 5:33:20,
89,Ediva,Verney,Donisthorpe,2019-10-17 0:03:12,
90,,,,2020-02-18 21:59:22,
91,,,,2020-02-07 21:43:58,
92,,,,2020-03-05 1:53:49,
93,Duncan,Lavena,Bowles,2020-04-02 9:51:22,
94,,,,2019-06-19 16:16:49,
95,,,,2020-02-21 10:43:03,
96,Anitra,Cad,Harget,2019-10-10 11:59:18,
97,Maude,Alexei,Farrey,2019-10-24 1:30:12,
98,,,,2019-07-04 8:31:29,
99,Karissa,Leda,Thorald,2020-04-22 9:49:20,
100,,,,2020-02-26 0:06:05,
101,Berkeley,Dorris,Jotham,2019-08-12 17:36:48,
102,Tobi,Alleen,Robottham,2019-09-13 7:33:27,
103,Amaleta,Cosmo,Pedrozzi,2019-06-15 20:49:34,
104,,,,2020-03-18 18:12:42,
105,Gabi,Ewan,Lister,2020-03-28 11:15:13,
106,,,,2020-02-23 21:10:26,
107,,,,2019-11-02 7:37:19,
108,Juieta,Jakob,Rieger,2019-12-01 13:11:08,
109,,,,2019-06-15 17:44:52,
110,,,,2019-11-16 0:17:54,
111,Pat,Barbabra,Addinall,2020-04-27 12:49:05,
112,,,,2020-02-23 14:55:51,
113,Redd,Langsdon,Cantua,2020-01-04 7:30:30,
114,Kathe,Klaus,Britton,2020-04-16 3:49:22,
115,,,,2020-04-16 16:11:37,
116,Shelley,Yelena,Poston,2020-04-24 10:25:09,
117,Hy,Jordain,Poynton,2019-08-21 12:26:15,
118,Selia,Yves,Blabber,2019-12-05 17:05:58,
119,Stephi,Neala,Lovewell,2020-05-18 17:00:30,
120,Egan,Ania,Pedycan,2020-02-26 16:25:43,
121,Geoffry,Cecile,Doxsey,2019-06-29 18:11:18,
122,Hazlett,Ed,Shellsheere,2020-01-16 12:59:38,
123,Lora,Hamish,Crohan,2019-08-18 10:04:13,
124,Linnie,Marcos,Kollatsch,2019-09-23 18:21:12,
125,Morena,Bink,Sutehall,2019-12-16 1:21:51,
126,Brunhilde,Otto,Bon,2020-05-13 1:38:34,
127,Doro,Cairistiona,Syphus,2020-01-25 7:26:50,
128,Meade,Zared,Salmen,2019-06-01 22:20:26,
129,Kara,Pauline,Pinching,2020-02-20 16:53:38,
130,Kira,Ban,Ritson,2020-04-16 21:27:45,
131,Ingrim,Fayth,Bartalini,2020-03-13 23:25:16,
132,Cybil,Kaile,Husband,2019-11-17 2:36:45,
133,Cathrine,Sheeree,Beatson,2019-05-24 14:13:52,
134,,,,2019-12-28 8:13:46,
135,,,,2019-09-23 2:29:59,
136,,,,2019-11-27 11:41:46,
137,,,,2019-06-03 12:41:02,
138,Tiphani,Dallis,Rapps,2019-08-08 22:40:10,
139,Ulysses,Alberik,Errichiello,2019-08-10 0:33:36,
140,,,,2020-01-24 19:17:00,
141,,,,2020-04-28 23:54:59,
142,Klemens,Roldan,Bruhke,2020-03-28 4:30:01,
143,Debbie,Melisent,Whissell,2020-04-30 5:30:55,
144,Vernen,Bride,Hunting,2020-02-25 18:25:52,
145,,,,2020-01-21 23:50:18,
146,Dara,Edvard,Turland,2019-06-14 1:00:16,
147,,,,2019-09-04 18:07:47,
148,Prudence,Ermengarde,Lube,2019-06-14 21:55:17,
149,,,,2020-02-06 22:02:41,
150,Coretta,Enrique,St Pierre,2019-12-25 2:42:55,
151,Dacia,Harli,Noads,2019-09-05 2:38:19,
152,,,,2019-10-12 6:43:02,
153,Karlee,Darrick,Greendale,2019-08-10 13:55:16,
154,Phyllida,Oswald,Gouldstone,2019-07-11 9:05:00,
155,Cindee,Constantia,Soltan,2020-04-22 16:44:12,
156,Cristiano,Helen,North,2019-07-14 8:18:18,
157,,,,2019-07-11 4:14:32,
158,,,,2020-01-13 4:53:08,
159,,,,2020-01-01 4:35:39,
160,,,,2019-05-30 13:02:51,
161,Gusty,Roxanna,McLurg,2020-05-11 2:06:29,
162,Gallagher,Kennie,Cerie,2020-02-25 17:21:24,
163,Kipper,Vally,Parysiak,2020-04-23 18:26:08,
164,Debor,Adelbert,Tassell,2020-02-11 12:01:07,
165,Osgood,Elladine,Polendine,2019-06-02 13:19:15,
166,,,,2019-12-06 1:41:11,
167,Blake,Efren,Ezzell,2020-04-12 3:16:44,
168,Joana,Toni,Chantree,2019-07-08 14:54:53,
169,,,,2019-10-05 7:42:53,
170,Sonnie,Sheena,Tallon,2019-09-22 12:49:30,
171,Sashenka,Brittne,Corck,2020-03-11 1:06:09,
172,,,,2019-12-11 22:26:58,
173,,,,2020-01-30 1:46:01,
174,,,,2020-04-04 13:28:49,
175,,,,2019-08-25 16:18:51,
176,,,,2019-09-06 12:31:51,
177,Claiborn,Giulietta,Belamy,2020-04-09 17:05:28,
178,Darren,Reuven,Whate,2020-01-25 14:39:54,
179,Matelda,Nita,Gurry,2019-09-08 12:44:16,
180,,,,2020-01-16 1:22:52,
181,Kristin,Marley,Ditter,2019-08-08 20:26:05,
182,Trix,Birdie,Gell,2020-03-25 21:36:15,
183,,,,2020-02-11 3:36:43,
184,Myrna,Jesus,McGoldrick,2019-07-24 21:41:28,
185,Emanuele,Andros,Presdee,2019-09-19 0:44:43,
186,,,,2019-07-21 14:51:35,
187,Dalila,Berry,Weiner,2020-03-30 17:30:52,
188,,,,2020-05-04 23:20:32,
189,,,,2019-11-05 2:15:14,
190,Ermina,Annabel,Cornforth,2019-12-25 0:50:00,
191,,,,2019-09-28 1:52:29,
192,Teodora,Randee,Humble,2020-02-18 23:25:55,
193,Poppy,Esme,Hutcheon,2020-02-26 10:40:49,
194,Ainsley,Jeno,McNaughton,2020-05-06 7:28:28,
195,Ingrid,Nataniel,Batterson,2019-07-08 0:03:17,
196,Branden,Cammie,Goff,2020-03-31 10:15:36,
197,Mikaela,Valerie,Derbyshire,2020-01-10 8:14:36,
198,Lizzy,Any,Mott,2020-02-17 10:43:14,
199,Aurelie,Reagen,Kalinke,2020-02-12 18:45:00,
200,Sherlocke,Charlotta,Tonry,2020-01-23 8:07:13,
201,Zora,Nancie,Josskowitz,2020-02-07 15:04:21,
202,Waylon,Shermie,Murrhaupt,2019-07-10 12:57:47,
203,,,,2019-08-22 18:11:15,
204,Gina,Christiane,Danzey,2019-12-23 7:53:21,
205,,,,2019-08-12 3:05:37,
206,Sidney,Laird,Kivlin,2020-01-09 21:04:15,
207,,,,2019-09-11 2:43:14,
208,,,,2019-07-07 11:14:23,
209,Brinna,Verene,Gawthrop,2020-03-17 14:06:29,
210,Dacey,Josefa,Wohler,2019-05-25 6:42:39,
211,Wayland,Alidia,Dunmore,2019-06-10 8:15:49,
212,Lory,Lucien,Leathlay,2019-11-07 10:22:19,
213,Adrien,Kiel,Chanson,2020-03-07 5:29:30,
214,Faydra,Lurleen,Martinie,2020-01-03 7:20:07,
215,,,,2019-12-20 20:13:29,
216,Cecily,Cord,Pratley,2020-01-27 0:11:00,
217,,,,2019-12-29 6:32:14,
218,,,,2020-01-14 10:39:56,
219,,,,2019-12-27 3:37:42,
220,Ethelred,Cornelle,Ducker,2019-07-27 1:12:02,
221,Nappy,Vergil,Routley,2019-10-17 12:29:57,
222,,,,2019-12-17 15:54:29,
223,Fidelity,Case,Hagard,2020-04-09 23:52:18,
224,Crin,Catha,Johncey,2020-04-26 1:04:09,
225,Thomasine,Anatole,Esel,2020-01-07 11:39:46,
226,,,,2020-05-12 14:51:09,
227,Kiel,Bertina,Presshaugh,2019-12-02 0:21:43,
228,Shelton,Efrem,Rothwell,2019-12-29 14:00:28,
229,,,,2020-05-11 1:58:56,
230,Fanya,Jimmie,Burdytt,2019-12-27 20:18:11,
231,Powell,Ab,Ballantine,2019-10-16 23:00:11,
232,Shamus,Michaella,Brosenius,2019-06-03 22:37:04,
233,Osborn,Penn,Bufton,2019-12-16 7:03:30,
234,,,,2019-11-11 19:31:44,
235,Lindsy,Hertha,Farrall,2019-12-03 13:11:12,
236,,,,2020-01-31 8:51:54,
237,Venus,Ellis,Maryet,2020-04-04 2:54:52,
238,,,,2020-02-02 19:38:11,
239,Barnebas,Blakeley,Folonin,2020-05-10 1:08:11,
240,,,,2019-11-18 12:14:01,
241,Karly,Ciel,Trevance,2020-01-01 10:42:09,
242,Gertrud,Tania,Redmile,2020-04-24 2:12:13,
243,,,,2020-03-13 18:13:16,
244,Jessica,Rafaela,Le Barre,2019-12-04 10:26:03,
245,Fey,Chalmers,Abramamovh,2019-11-14 11:50:05,
246,Kristien,Florina,Victor,2019-12-24 17:34:08,
247,,,,2019-05-22 15:27:53,
248,Geraldine,Alphonso,Tollow,2019-06-08 21:19:47,
249,Andrus,Ashleigh,Bonass,2019-12-14 14:30:40,
250,Mellisent,Susy,Kubicka,2020-04-02 6:08:23,
251,Gerick,Alvin,Sonner,2019-10-15 21:57:07,
252,Caralie,Farand,Vinten,2020-02-26 16:31:37,
253,Martica,Tomasina,Sabatini,2019-10-06 19:09:01,
254,,,,2020-01-26 6:25:02,
255,Garrek,Benjie,Recke,2019-06-28 10:14:13,
256,Somerset,Seth,Rediers,2020-02-04 22:50:46,
257,Inna,Iolanthe,Simkins,2020-03-10 21:08:51,
258,,,,2020-03-27 2:58:39,
259,Jed,Jermain,Alfuso,2019-11-29 19:24:10,
260,,,,2019-12-02 14:04:06,
261,Dominga,Vivien,Quinion,2019-06-25 7:02:01,
262,,,,2019-09-04 22:54:16,
263,,,,2019-07-30 20:21:02,
264,Melany,Odey,Maitland,2019-05-20 4:17:43,
265,Darrick,Ephrem,Shere,2019-09-08 2:41:29,
266,,,,2020-02-03 18:33:25,
267,Vi,Flint,Over,2019-06-20 20:18:17,
268,,,,2020-05-18 17:35:36,
269,Taddeusz,Sara,Crumpton,2019-11-16 10:05:19,
270,,,,2019-12-18 13:35:38,
271,Curr,Cross,O'Hannigan,2019-12-05 5:19:28,
272,,,,2019-06-01 21:47:26,
273,Mill,Tucker,Janaszkiewicz,2019-06-30 7:05:02,
274,,,,2020-03-08 2:54:26,
275,,,,2020-05-13 8:36:37,
276,,,,2019-06-09 18:21:54,
277,,,,2019-06-07 1:59:06,
278,Vanni,Allianora,Cranney,2019-07-10 8:16:27,
279,Jyoti,Kaila,Durand,2019-10-06 13:33:02,
280,Corrie,Wilton,Kenningham,2020-04-28 8:33:22,
281,Cinderella,Benoit,Philot,2020-01-13 5:44:12,
282,,,,2020-03-26 22:09:38,
283,,,,2019-11-20 15:40:21,
284,Vernen,Roland,Harniman,2019-08-12 14:53:48,
285,Rafferty,Opal,Longden,2019-09-01 10:38:33,
286,Lesley,Vidovik,Ganny,2019-07-09 15:26:02,
287,Mitchel,Luke,Oldham,2019-07-25 4:15:42,
288,Ford,Spenser,Bengle,2019-10-05 14:32:51,
289,,,,2019-10-23 17:07:54,
290,Sandi,Kameko,Labrow,2019-05-23 0:22:45,
291,Sinclair,Keely,Pareman,2019-10-07 9:35:11,
292,Giovanna,Issiah,Gorelli,2019-07-27 3:50:01,
293,Germaine,Windy,Joret,2019-10-10 8:25:25,
294,,,,2019-08-26 11:26:34,
295,Gina,Lyell,Josephsen,2020-02-29 23:11:47,
296,Leo,Kendall,Santo,2020-04-18 21:06:36,
297,,,,2019-10-14 7:31:25,
298,Mac,Bree,Hamflett,2019-12-23 9:23:36,
299,,,,2020-03-28 3:45:31,
300,,,,2019-11-28 10:13:38,
301,Carolynn,Oliver,Napleton,2019-10-01 12:14:57,
302,,,,2019-11-24 7:32:53,
303,,,,2020-02-02 17:10:07,
304,,,,2020-03-24 20:21:38,
305,Jessica,Dom,Courteney,2019-11-27 22:21:47,
306,,,,2020-05-06 1:47:42,
307,,,,2019-06-17 11:56:40,
308,,,,2019-08-20 13:30:42,
309,,,,2019-10-08 0:39:46,
310,Kora,Boris,Cowlishaw,2019-06-04 12:29:55,
311,Laryssa,Corey,Hocking,2019-09-07 2:14:44,
312,Kaleena,Mozes,Winspear,2020-04-14 5:59:45,
313,Caro,Isa,Melarkey,2019-12-23 6:29:16,
314,Giselbert,Vasilis,Thurlby,2020-02-26 21:06:51,
315,Orella,Imogene,Lomond,2020-02-09 15:18:16,
316,Julie,Edna,Figgins,2019-11-21 18:07:40,
317,Cary,Gates,Goulden,2019-08-14 20:27:22,
318,Lanie,Ketty,Wellesley,2019-06-05 21:35:25,
319,,,,2020-03-01 23:10:54,
320,,,,2020-03-10 13:02:31,
321,Willey,Augy,Andrzejowski,2019-12-06 2:16:09,
322,Rodrigo,Raynard,Oak,2019-06-10 0:12:19,
323,Nisse,Danice,Kitcher,2020-02-15 11:51:15,
324,Jammie,Gertrudis,Agiolfinger,2019-12-10 14:37:12,
325,Patrizio,Katie,Norcross,2019-08-31 8:02:08,
326,Fleming,Cecelia,Grimsdyke,2019-09-05 3:24:07,
327,Sigfrid,Joannes,Franca,2019-09-16 20:07:27,
328,Holden,Ignaz,Wetter,2019-09-08 13:00:00,
329,Irving,Dorisa,Dorrell,2019-06-16 8:20:29,
330,Dane,Marie-ann,Milillo,2019-06-05 19:00:12,
331,Hans,Camila,Vanshin,2020-05-17 18:41:43,
332,,,,2019-10-16 16:09:02,
333,Clement,Dudley,Lewis,2019-12-05 23:23:33,
334,,,,2020-04-13 22:27:35,
335,Delphinia,Donelle,Sillars,2019-12-19 20:15:25,
336,,,,2020-02-13 11:58:51,
337,Elsa,Melisandra,Innot,2019-08-16 11:21:40,
338,Muriel,Jamison,Lambin,2020-05-16 3:16:24,
339,,,,2019-08-13 19:22:53,
340,,,,2020-05-17 11:29:14,
341,Barnabas,Stevy,Gunton,2019-07-24 23:26:16,
342,,,,2019-11-20 0:55:47,
343,Christan,Alvira,Feathersby,2019-08-30 4:21:16,
344,,,,2020-03-21 17:38:35,
345,Cesaro,Dimitry,Portsmouth,2019-07-25 19:18:39,
346,,,,2019-09-04 19:58:41,
347,Patrica,Baxie,Boydle,2020-02-19 2:15:44,
348,,,,2019-09-01 5:31:25,
349,Euell,Grannie,Abram,2019-08-22 3:26:35,
350,,,,2019-06-30 20:50:53,
351,Yankee,Verena,Climance,2019-12-08 23:10:17,
352,Teddy,Bard,Balderson,2019-06-03 17:40:00,
353,Horacio,Bennie,Lantaff,2019-12-09 11:29:41,
354,,,,2020-02-07 12:06:50,
355,Sissy,Lenci,O'Dennehy,2019-09-01 4:35:25,
356,,,,2019-12-08 21:51:42,
357,,,,2020-02-17 18:57:55,
358,Trevar,Ange,Pevreal,2019-06-24 0:14:19,
359,Bendix,Zollie,Lemar,2019-09-22 9:14:13,
360,,,,2020-02-21 19:33:06,
361,Claudette,Ricki,Everwin,2020-04-27 23:00:51,
362,Carma,Chrystel,Glendenning,2020-05-05 2:48:06,
363,,,,2019-09-11 16:39:52,
364,Alberto,Terrell,Rous,2020-03-05 13:16:29,
365,Cale,Jeth,Cossans,2019-11-01 19:11:50,
366,Mady,Andreas,Tomaskov,2019-09-20 23:31:51,
367,,,,2019-09-01 13:01:33,
368,Fabian,Moises,Lount,2020-01-01 18:34:23,
369,,,,2019-05-28 14:52:16,
370,,,,2019-09-04 21:45:23,
371,Thadeus,Evangeline,Attwill,2019-09-09 3:07:32,
372,Marijo,Judas,Cheevers,2019-11-24 23:06:07,
373,,,,2019-08-21 14:08:46,
374,,,,2019-06-23 18:25:47,
375,Kareem,Mareah,Biggin,2019-08-30 23:28:35,
376,Renell,Maridel,Hainge,2019-06-29 3:32:02,
377,Had,Howard,Kitcatt,2020-02-28 3:05:05,
378,Whitney,Shannon,Eatherton,2020-01-25 18:14:40,
379,,,,2019-08-25 10:58:13,
380,Twila,Gale,Babin,2020-01-17 22:05:57,
381,Urson,Andriana,Benedettini,2019-09-02 18:11:02,
382,Helaina,Rosemaria,Stannering,2019-12-11 23:14:03,
383,Ailis,Lucius,Etheredge,2019-12-01 4:22:15,
384,Amye,Harbert,Blader,2020-03-03 12:42:53,
385,,,,2020-05-09 8:05:01,
386,,,,2019-07-28 10:00:43,
387,Bendite,Ailbert,Croan,2019-06-12 11:19:46,
388,,,,2019-05-22 12:56:32,
389,Izaak,Kienan,Ferrers,2019-11-20 0:59:18,
390,Sybyl,Andy,Izhak,2019-07-09 0:10:30,
391,,,,2020-03-17 19:11:43,
392,,,,2019-11-20 20:15:53,
393,Chloris,Giorgi,Chevis,2020-05-10 10:33:46,
394,Roxanna,Heriberto,Waslin,2019-06-03 1:30:23,
395,Nick,Mortimer,Febvre,2019-12-23 5:23:00,
396,Eugenius,Noelani,Stothart,2020-02-20 20:52:24,
397,Flemming,Marjie,Polye,2019-07-21 18:43:42,
398,,,,2019-09-08 7:32:25,
399,Rip,Florence,Griswaite,2019-10-16 2:32:09,
400,Sholom,Joye,Tomasoni,2020-04-01 14:13:04,
401,,,,2020-02-10 9:38:33,
402,Allayne,Killy,Libbie,2020-01-03 9:56:21,
403,Ki,Adaline,Catanheira,2019-06-01 8:02:50,
404,Patrizius,Willie,Edie,2020-03-24 23:27:38,
405,,,,2019-10-29 17:41:47,
406,Barthel,King,Chatain,2019-08-27 12:30:18,
407,Arny,Marybeth,Sincock,2019-06-27 23:45:11,
408,,,,2019-09-12 4:46:00,
409,Jorry,Drugi,Arsey,2019-10-28 18:43:47,
410,,,,2019-06-05 17:22:10,
411,,,,2019-11-06 7:48:04,
412,Lane,Kathie,Dripp,2019-12-11 20:41:27,
413,Jeniece,Rachael,Tolman,2020-04-13 13:09:05,
414,Meggi,Alexina,Kivlehan,2019-10-16 16:42:07,
415,Seline,Innis,Franzonello,2020-02-23 5:01:02,
416,Hebert,Euell,Biernat,2020-01-20 17:42:50,
417,Leif,Floyd,Radolf,2019-09-24 6:23:40,
418,Feliza,Dennie,Jedrzejczyk,2020-04-02 9:28:04,
419,Sandye,Gisela,Omand,2020-03-30 14:09:23,
420,,,,2020-02-10 22:53:31,
421,Mario,Aubrey,Canet,2019-09-08 12:51:14,
422,Renaldo,Les,Karpeev,2019-12-28 11:27:53,
423,Claudio,Isaac,Daniele,2019-07-26 8:45:03,
424,Merl,Neron,Ruddle,2019-08-10 5:36:36,
425,Karel,Borden,Piborn,2020-03-16 13:28:04,
426,,,,2020-03-23 18:03:07,
427,,,,2020-05-19 15:46:28,
428,Ree,Pearline,Arnholtz,2019-08-21 9:58:44,
429,Merry,Lurline,Sausman,2019-06-05 17:34:13,
430,Gerick,Sig,Gemson,2020-01-19 15:25:48,
431,,,,2020-01-29 5:34:20,
432,Hugibert,Miguelita,Stuchberry,2019-08-31 17:00:15,
433,,,,2019-07-17 8:51:32,
434,Lesley,Skippy,Elesander,2019-07-13 19:13:18,
435,,,,2020-02-23 21:53:24,
436,Mackenzie,Erasmus,Laight,2020-01-09 9:45:45,
437,Benni,Fabio,Tarzey,2019-07-09 22:01:27,
438,,,,2019-06-03 15:46:49,
439,Ignacio,Marrilee,Northover,2019-10-31 5:35:31,
440,,,,2019-12-03 19:27:14,
441,Garv,Franchot,Poskitt,2019-07-08 20:41:23,
442,,,,2020-02-22 23:58:06,
443,Ichabod,Ola,Kernocke,2019-07-11 12:30:36,
444,,,,2020-05-17 6:55:58,
445,Dagmar,Gaelan,Wondraschek,2019-09-26 14:01:35,
446,Dick,Elsinore,Womersley,2019-05-29 12:59:24,
447,,,,2019-11-08 3:57:26,
448,Sonia,Hale,Glassard,2019-12-03 7:15:53,
449,,,,2019-08-07 7:31:14,
450,,,,2020-02-25 0:18:10,
451,Joannes,Julianna,Gilvary,2019-12-12 0:10:08,
452,Torry,Davida,Werrit,2019-12-25 18:08:54,
453,Georgena,Melany,Coxen,2019-08-01 16:34:13,
454,Vincent,Iggy,Venners,2020-05-10 9:47:01,
455,Joice,Ellis,Moran,2019-07-10 4:06:36,
456,,,,2020-05-15 23:09:06,
457,Boony,Raynell,Novkovic,2020-02-02 16:51:56,
458,Darryl,Fran,Keemer,2019-11-23 1:28:01,
459,Wolfgang,Richmond,Farmiloe,2019-07-23 20:56:57,
460,Grayce,Jacklin,Hacquard,2019-10-06 11:45:13,
461,Nettle,Juana,Harberer,2020-03-05 3:19:40,
462,Lars,Donnamarie,Mayward,2019-07-09 18:25:07,
463,,,,2020-04-11 9:53:08,
464,Reagen,Modesta,Ianilli,2019-06-17 2:50:09,
465,Teddy,Wait,Forber,2019-08-20 21:48:32,
466,Marga,Goldie,McKeran,2019-12-31 10:20:29,
467,Leticia,Cori,Fardy,2020-04-12 12:01:49,
468,Jo-ann,Vilhelmina,Dennistoun,2020-05-15 14:43:12,
469,Hildy,Yulma,Etherson,2020-05-03 9:58:08,
470,Abagael,Eldin,McGillecole,2020-02-20 11:25:13,
471,,,,2019-11-14 17:52:48,
472,Reuben,David,Glasscoe,2019-11-30 16:03:06,
473,Rebecca,Sigfrid,Dalliwatr,2020-01-15 2:31:12,
474,,,,2020-01-16 20:44:47,
475,Nolan,Gregory,Rowat,2020-05-17 2:31:31,
476,Karin,Bowie,Oram,2019-10-04 0:26:16,
477,Gavra,Felipe,Cyson,2020-02-21 15:41:58,
478,,,,2020-01-14 6:36:14,
479,Noah,Con,Garland,2019-07-23 16:18:11,
480,Milka,Tudor,Leftley,2020-02-02 17:17:01,
481,Kirbie,Yvette,Assur,2019-12-11 22:25:41,
482,Ester,Ofilia,Brewer,2019-08-11 0:51:47,
483,,,,2019-07-09 17:13:27,
484,Frannie,Jacquetta,Bartul,2020-01-13 7:52:35,
485,Mignon,Abel,Riccardo,2019-07-06 0:22:34,
486,Audrie,Randolph,Oakton,2019-08-24 10:13:29,
487,Lorne,Ekaterina,Dallan,2019-08-08 0:29:14,
488,Hervey,Phillida,Clymer,2019-08-11 18:13:46,
489,,,,2020-01-02 10:32:19,
490,,,,2019-09-05 3:55:01,
491,Desdemona,Eldin,Newson,2019-11-08 8:53:59,
492,,,,2019-10-08 3:07:45,
493,,,,2020-04-14 13:25:35,
494,Demetris,Cosme,Tunny,2019-11-20 14:04:21,
495,Dewain,Thomasa,Jeannon,2019-12-14 16:47:53,
496,,,,2019-06-23 0:31:22,
497,Addi,Emalia,Overthrow,2019-09-03 11:43:08,
498,Sonnnie,Lazare,Lunn,2019-05-31 9:15:45,
499,,,,2020-04-19 19:12:20,
500,,,,2019-08-26 9:56:07,
501,Ulla,Courtenay,MacAvddy,2019-09-12 15:38:14,
502,,,,2020-01-23 11:10:46,
503,Edlin,Eydie,Aspray,2019-12-25 3:25:57,
504,Michell,Cam,Stockbridge,2019-10-10 13:49:05,
505,Micah,Minetta,Pozzi,2020-02-12 10:47:17,
506,Annmarie,Bettye,von Nassau,2020-05-08 0:16:46,
507,Patrizius,Dionis,Ladley,2020-03-13 9:15:08,
508,Morty,Barb,Allington,2019-11-30 15:18:12,
509,,,,2019-10-05 14:50:54,
510,Davie,Opaline,Taffs,2019-11-17 13:06:29,
511,,,,2020-04-23 19:13:16,
512,Micaela,Krissy,Scotland,2019-05-28 23:08:31,
513,Mona,Taffy,Dubois,2019-12-25 6:59:49,
514,Mellicent,Nichole,Todeo,2019-12-24 1:32:17,
515,Darline,Bram,June,2019-06-23 21:43:23,
516,Gayelord,Jilleen,Pummery,2020-02-28 4:45:41,
517,Artemas,Panchito,McNysche,2020-01-31 23:45:21,
518,Catherina,Kari,Holcroft,2019-05-22 15:02:47,
519,Rockey,Urson,Fleeming,2019-07-21 17:13:41,
520,Ali,Marchelle,Otridge,2020-03-21 22:41:26,
521,Kassi,Pierce,Kerrich,2020-02-09 15:49:22,
522,Bond,Murray,Catto,2019-11-13 15:50:54,
523,Webb,Willy,Struys,2019-06-05 20:34:09,
524,Tab,Pren,Feedome,2020-04-07 17:15:49,
525,Christal,Chane,Brownill,2020-02-02 3:55:08,
526,,,,2019-12-05 23:24:54,
527,Kenn,Bertha,Puckinghorne,2020-02-10 21:13:06,
528,,,,2020-04-18 0:04:52,
529,Carlyn,Rupert,Makepeace,2020-02-15 0:04:24,
530,Gavin,Clarine,Ciraldo,2020-01-29 16:11:34,
531,Shana,Meta,Cairns,2020-04-01 19:26:07,
532,Ephrayim,Barnabe,Baskwell,2019-06-17 0:49:26,
533,,,,2019-11-28 5:05:12,
534,,,,2020-05-04 8:14:19,
535,Bernette,Vincenz,Jollands,2019-07-18 19:02:07,
536,Cosmo,Rhodie,Gillcrist,2020-01-13 15:43:31,
537,Emmanuel,Jilly,Paris,2020-04-19 22:10:40,
538,Bertie,Viki,Butson,2020-05-05 5:08:30,
539,Polly,Romonda,Miall,2019-06-10 13:20:27,
540,,,,2019-09-30 7:29:12,
541,Eustace,Tilda,Cleminson,2019-12-20 4:15:16,
542,Ferris,Rutger,Watson,2020-05-16 14:46:54,
543,King,Shelli,Trimmell,2020-01-02 0:36:13,
544,Godfrey,Ches,Oger,2019-10-15 5:41:20,
545,,,,2020-03-09 10:47:31,
546,,,,2020-05-04 13:02:06,
547,,,,2020-05-02 9:07:59,
548,Angel,Walden,Whayman,2019-11-20 14:18:13,
549,Edie,Addy,Poag,2019-09-20 22:03:01,
550,,,,2019-08-24 10:35:08,
551,Ulrica,Minnnie,Stentiford,2019-12-31 17:27:41,
552,,,,2019-11-23 21:45:50,
553,Quill,Brietta,Dalwood,2019-12-16 10:08:22,
554,Anthea,Brod,Bragger,2020-03-04 15:25:31,
555,Adelbert,Trina,Weighell,2019-06-04 6:05:01,
556,Lazar,Fawn,Housaman,2019-10-10 17:23:53,
557,,,,2020-02-18 7:13:14,
558,,,,2019-11-06 7:52:42,
559,,,,2019-07-29 10:02:45,
560,,,,2019-10-04 18:40:01,
561,Dirk,Torre,Faucherand,2019-07-31 9:47:13,
562,Truman,Clemmie,Clemot,2019-10-25 7:47:05,
563,Augustine,Kally,Rowesby,2020-05-05 23:34:26,
564,Marylou,Keely,Hackey,2020-02-17 12:17:41,
565,Egan,Garwin,Kehri,2019-09-10 4:59:28,
566,,,,2019-12-30 15:41:56,
567,Gussie,Malchy,Budgey,2019-11-16 4:35:16,
568,,,,2020-03-24 1:51:21,
569,Jaquith,Cloris,D'Alwis,2019-09-02 4:40:34,
570,,,,2019-07-12 2:42:29,
571,Matti,Tomkin,MacGaughey,2019-10-29 15:19:17,
572,Josephine,Aldous,Ledwich,2019-09-23 9:53:26,
573,Stacia,Merilee,Surgen,2019-11-17 13:29:46,
574,Cart,Thatch,Rapley,2020-03-25 17:05:18,
575,Othelia,Dell,Gaw,2019-11-16 9:01:23,
576,Dodi,Krystyna,Conkling,2019-06-15 2:43:35,
577,Bunnie,Elbertina,Warrender,2019-08-08 4:46:46,
578,,,,2020-03-20 21:48:19,
579,Edd,Vinni,Piggford,2020-05-08 21:00:05,
580,Bren,Caritta,Melpuss,2019-10-16 7:11:22,
581,Christophe,Ardys,Maben,2019-12-18 4:46:52,
582,Clemence,Eldon,Philipson,2020-05-11 12:42:17,
583,,,,2019-10-27 9:11:28,
584,Deina,Cyndia,Dungey,2019-11-18 12:38:10,
585,Corella,Flore,Pietrzak,2019-06-22 0:05:09,
586,Nomi,Mariele,Joselevitz,2020-04-01 11:59:11,
587,Dayle,Othilia,Crop,2019-07-01 17:45:13,
588,Robinet,Ransell,Fortnam,2020-02-03 21:28:28,
589,,,,2020-02-07 16:24:04,
590,,,,2019-10-15 13:17:01,
591,Lebbie,Olimpia,Gooda,2020-01-04 3:06:16,
592,,,,2019-11-19 9:31:36,
593,Rianon,Patrice,Primmer,2020-02-24 21:05:16,
594,Addia,Angil,Sainz,2019-06-06 4:26:01,
595,,,,2020-03-12 21:52:05,
596,Archibaldo,Jessalin,Philippart,2019-12-02 5:13:33,
597,,,,2019-05-27 2:33:03,
598,Alice,Brynna,MacMenamie,2019-12-14 17:23:27,
599,Humberto,Caye,Mordon,2019-06-27 2:44:49,
600,Bess,Kelvin,Ovill,2020-04-16 7:48:21,
601,Ameline,Bartholomew,Greeves,2020-04-17 17:24:20,
602,,,,2019-06-18 17:45:57,
603,Pollyanna,Pat,Weth,2019-09-19 19:02:02,
604,,,,2019-12-04 1:01:54,
605,,,,2020-05-19 12:30:02,
606,Madlin,Brendis,Kirkwood,2019-08-17 12:31:30,
607,,,,2019-12-16 15:52:01,
608,Sylvan,Angeli,Klousner,2020-03-31 20:36:26,
609,Alleen,Jennee,Cromett,2020-04-05 8:39:32,
610,,,,2019-12-22 17:26:02,
611,Cherry,Briano,Lahrs,2020-01-16 12:57:57,
612,Othella,Jonell,Martini,2020-01-11 19:05:57,
613,Meghan,Cally,Anney,2019-11-03 3:42:26,
614,Dasie,Aubry,Damarell,2019-09-07 7:44:03,
615,Chandal,Grata,Carlens,2019-09-17 19:03:02,
616,Alisun,Adda,Gilcrist,2019-11-20 0:53:16,
617,Grissel,Brear,Smillie,2019-11-16 18:21:02,
618,Corie,Beniamino,Swatradge,2020-03-09 23:20:52,
619,Heddie,Kalle,Demcik,2019-12-22 18:20:34,
620,Belicia,Tammy,Redmille,2019-10-28 5:01:32,
621,,,,2020-01-08 14:16:43,
622,Tracee,Roxana,Grisdale,2020-05-05 17:34:51,
623,Vassily,Aguie,Hilley,2019-11-01 15:24:17,
624,,,,2020-04-24 18:58:58,
625,Madeline,Colas,Dixon,2019-07-29 13:14:50,
626,Koral,Kalli,Redfearn,2019-12-16 17:25:38,
627,,,,2019-11-10 14:31:36,
628,Molly,Dre,Dy,2019-11-24 7:57:05,
629,,,,2019-08-20 2:04:08,
630,,,,2019-06-13 20:37:12,
631,Aprilette,Christiano,Maple,2019-07-23 21:00:21,
632,Riane,Denney,Hartless,2020-04-01 11:06:00,
633,Sara-ann,Horst,Ivantyev,2019-11-12 22:41:58,
634,Laetitia,Lesley,Pinching,2019-06-30 8:14:20,
635,Harriot,Freddie,Hulett,2019-12-08 3:54:28,
636,,,,2019-07-15 18:38:57,
637,Dannie,Rikki,Dell'Abbate,2019-10-31 15:13:25,
638,Dorie,Rita,Skillen,2019-07-12 12:47:54,
639,,,,2019-12-12 18:40:11,
640,Maudie,Wally,Cattrall,2020-05-19 10:46:33,
641,Dasi,Curry,Northridge,2019-09-13 5:39:22,
642,,,,2020-03-06 17:55:17,
643,Westbrook,Barry,Saines,2019-10-24 18:01:55,
644,Kelcey,Evvy,Nalder,2019-10-30 1:55:49,
645,Vivie,Miles,Kenan,2020-01-20 13:45:47,
646,Marla,Fancie,Clynter,2019-05-31 22:34:53,
647,Sara,Anabel,Itzakson,2019-06-23 15:13:15,
648,Chadd,Vittorio,Giacoppoli,2020-04-30 3:46:14,
649,Buck,Eldon,Cahalin,2019-12-17 22:53:34,
650,,,,2019-12-14 17:49:34,
651,,,,2019-06-15 6:51:19,
652,,,,2019-11-10 20:30:44,
653,Rachel,Pren,Drydale,2019-12-23 23:04:09,
654,Cly,Luciana,Bello,2019-07-19 21:03:23,
655,Lorrin,Cornelius,Blackley,2019-12-10 23:28:58,
656,Colby,Briny,Sponton,2019-08-29 18:49:54,
657,Claresta,Amandie,Bigland,2019-10-26 14:06:21,
658,Graeme,Paola,Mitchenson,2019-08-18 12:05:42,
659,Jeramie,Dani,Ketteridge,2019-08-31 11:33:46,
660,Kayla,Billie,Ellph,2019-07-09 7:17:39,
661,Cecil,Lyndell,Kenefick,2020-04-03 1:51:41,
662,Kimberly,Maggie,Bown,2020-01-08 9:25:42,
663,,,,2020-01-21 4:10:01,
664,,,,2020-01-02 18:13:33,
665,Lauritz,Calla,Francie,2019-10-24 1:28:45,
666,Reuven,Ginni,Pasek,2019-11-14 23:41:22,
667,,,,2019-10-13 4:32:49,
668,Mayer,Joe,Pears,2019-06-21 20:03:25,
669,Edyth,Elise,Carragher,2019-10-15 6:13:23,
670,Adeline,Alfie,Crossan,2020-03-07 2:15:57,
671,Beverlie,Antonius,Cope,2020-02-20 17:22:41,
672,,,,2019-12-31 8:15:21,
673,,,,2019-06-09 14:47:23,
674,Micheline,Hallsy,Lipson,2020-01-22 11:15:40,
675,Sharline,Abagael,Cliburn,2019-08-29 6:50:26,
676,,,,2019-09-30 13:24:04,
677,Olag,Hercules,Sawell,2019-10-29 19:14:31,
678,Gretal,Glyn,Thon,2019-11-19 5:54:24,
679,Ethyl,Mano,McUre,2019-10-12 19:40:56,
680,,,,2020-04-08 9:41:29,
681,Gonzales,Loutitia,Sture,2019-07-23 11:49:42,
682,,,,2020-04-22 2:07:43,
683,Elliott,Kristy,Cosby,2020-04-27 9:42:40,
684,Eachelle,Garnette,Braden,2019-08-04 8:57:41,
685,,,,2020-03-12 16:56:18,
686,Karlotte,Jessamyn,Heugle,2019-12-14 17:02:25,
687,Quincy,Egan,Inchboard,2019-12-22 13:50:16,
688,,,,2019-10-17 5:58:29,
689,,,,2020-03-11 13:58:43,
690,Prentice,Hazel,Blakey,2020-01-23 0:31:24,
691,Nesta,Niki,Volks,2019-10-09 16:08:03,
692,Thea,Ives,Gierck,2020-01-09 23:27:42,
693,Mathias,Eadith,Prall,2019-10-02 9:55:46,
694,,,,2019-10-03 0:48:48,
695,Neddy,Albert,Singers,2019-06-01 13:37:43,
696,Jarrid,Shara,Dymond,2019-10-04 18:54:14,
697,Sean,Boycey,Boult,2019-12-21 22:22:39,
698,Brande,Jackie,Kleinholz,2020-04-07 23:21:40,
699,,,,2020-01-05 15:13:16,
700,Idette,Tobe,Taffe,2019-07-27 15:20:28,
701,,,,2019-12-19 5:20:13,
702,Noreen,Martita,Nuttey,2019-06-26 7:23:58,
703,Kipp,Durward,Jancik,2019-11-24 8:03:39,
704,Siana,Noach,Darey,2019-09-05 8:26:56,
705,Shelby,Bev,Nendick,2019-06-15 9:38:28,
706,,,,2019-12-10 8:26:15,
707,Dolorita,Christian,Avraham,2020-02-15 6:59:57,
708,,,,2019-10-21 8:56:01,
709,Shanta,Bradan,Emmines,2019-07-01 19:06:11,
710,Mae,Upton,Balmforth,2020-05-16 22:20:27,
711,Selie,Daniela,Sweeney,2020-01-12 17:54:10,
712,Amie,Franky,Cribbin,2019-11-24 3:22:24,
713,Meryl,Gusty,Swannie,2019-08-16 23:25:39,
714,,,,2019-12-14 5:11:57,
715,,,,2019-11-08 19:16:16,
716,,,,2019-06-06 10:36:21,
717,,,,2019-12-06 6:30:19,
718,Joycelin,Verile,Wogan,2019-12-16 14:59:29,
719,Clerissa,Graham,Braine,2020-02-16 13:54:04,
720,Innis,Ban,Mault,2019-10-09 15:43:12,
721,Peta,Axe,Ramos,2019-06-01 12:41:47,
722,Leona,Boy,Plumm,2019-08-25 11:21:08,
723,Herminia,Ines,Henkens,2019-05-22 7:42:55,
724,Clementine,Elvina,Kubera,2019-06-02 12:07:43,
725,Ethan,Yancy,Garnsey,2019-06-29 0:07:30,
726,Ewen,Chryste,Alvarez,2019-10-25 14:02:58,
727,Tymon,Idalina,Rattray,2020-05-05 15:59:59,
728,Verne,Rob,Blue,2020-01-13 2:11:24,
729,,,,2019-12-20 21:44:00,
730,Noel,Minnie,Luchelli,2019-06-24 5:14:44,
731,Farlee,Vinny,Andrasch,2019-07-12 4:55:57,
732,Cris,Maxie,Tebbit,2019-08-19 18:35:32,
733,,,,2020-05-09 21:33:14,
734,Cesaro,Gifford,Carefull,2020-02-08 10:02:34,
735,Shanie,Sapphire,Franc,2019-08-04 3:02:26,
736,,,,2019-06-20 3:25:21,
737,,,,2019-11-10 8:41:56,
738,Callean,Wilmer,Wynn,2020-02-10 2:03:25,
739,Klement,Blaire,Dionisii,2019-09-09 2:10:40,
740,Mallory,Winifield,Shorie,2020-05-19 0:06:35,
741,,,,2020-01-07 14:32:20,
742,Patrizia,Sherm,Joron,2019-11-26 17:00:17,
743,Rodrick,Stillman,Mayou,2019-08-25 4:35:40,
744,Bianka,Janelle,Nijs,2020-04-10 5:21:34,
745,Pall,Bernhard,Jaxon,2019-10-04 15:17:18,
746,,,,2020-05-13 20:45:48,
747,Salomi,Gradey,Schimon,2019-10-05 23:21:41,
748,,,,2020-05-19 8:49:55,
749,,,,2019-06-30 8:48:54,
750,Bunni,Timotheus,Wandrack,2019-12-11 9:22:22,
751,,,,2020-02-19 16:36:04,
752,,,,2020-04-19 9:30:21,
753,Amory,Hatty,Pullinger,2019-08-09 8:38:06,
754,Jozef,Ibrahim,Manilo,2020-04-12 14:36:40,
755,Wayland,Nanni,McTurlough,2019-05-31 15:48:43,
756,Garret,Sheena,Schuricht,2020-04-25 9:37:20,
757,Sisile,Bary,Belford,2019-10-22 12:55:21,
758,,,,2019-09-08 15:26:08,
759,Matilda,Torie,Bockman,2019-06-23 19:44:37,
760,Reina,Aleta,Ansley,2020-02-07 15:29:34,
761,Irena,Alleen,Trewartha,2019-09-22 23:13:15,
762,Clemmy,Nomi,Gierek,2019-09-20 0:38:10,
763,Hedwiga,Keely,Wallbridge,2019-07-26 12:06:48,
764,Modestine,Beryle,Selesnick,2019-11-29 3:23:51,
765,Allyson,Gherardo,Lasham,2019-11-23 16:30:05,
766,,,,2019-11-14 8:50:36,
767,,,,2020-02-03 5:04:31,
768,Merrielle,Jedediah,Urey,2020-03-08 18:26:35,
769,Stanleigh,Issiah,Manuely,2019-10-15 8:43:43,
770,Aloin,Caryl,Brice,2019-06-28 7:04:13,
771,Wally,Darcy,Pepys,2020-05-19 4:41:27,
772,Lorry,Fonz,Youles,2020-01-28 16:33:06,
773,Samantha,Nana,Messham,2019-07-31 18:46:57,
774,Hammad,Ogden,Hitschke,2019-12-09 5:24:29,
775,Binny,Nara,Hanwright,2019-09-09 2:20:00,
776,Samara,Alta,Joost,2019-06-03 4:46:41,
777,Delmar,Mischa,Faraker,2020-01-10 4:07:32,
778,Griz,Louise,Reast,2019-10-21 11:26:38,
779,Uri,Loralie,Jentgens,2020-03-28 20:42:10,
780,,,,2019-11-13 2:26:41,
781,Benito,Faye,Ellam,2020-03-17 5:28:48,
782,,,,2020-01-23 7:02:17,
783,Nataniel,Cesar,Sherrard,2019-10-07 16:07:04,
784,,,,2019-12-23 21:31:24,
785,,,,2019-10-20 23:06:39,
786,,,,2020-02-24 6:19:49,
787,Van,Madlin,Rubinov,2020-05-14 11:03:37,
788,,,,2020-05-04 1:28:31,
789,Augustin,Dedra,Mattheus,2019-11-26 5:15:52,
790,,,,2019-06-19 6:20:21,
791,Sherri,Alasteir,Panniers,2020-04-28 0:01:21,
792,,,,2020-04-04 22:00:34,
793,,,,2019-12-07 19:45:33,
794,,,,2019-08-25 6:02:07,
795,Elane,Brandi,Gowthorpe,2019-08-18 19:22:42,
796,,,,2020-04-23 12:59:10,
797,Charmaine,Ezri,Flann,2020-01-27 17:08:11,
798,Joe,Issi,Jeaves,2020-03-11 9:09:16,
799,,,,2020-01-07 9:59:56,
800,Tammi,Ettore,Corbyn,2020-04-16 20:45:36,
801,Inigo,Nolly,Marshland,2019-08-07 4:16:02,
802,Mikey,Tandi,McKirton,2020-04-21 19:39:37,
803,Paten,Gabie,Ockwell,2019-12-01 7:24:59,
804,,,,2019-11-24 5:36:48,
805,Sheeree,Maggy,McColm,2019-11-26 15:51:28,
806,Lothario,Pepi,Sherwen,2019-07-27 1:12:44,
807,,,,2020-05-06 23:05:46,
808,,,,2020-04-03 6:36:48,
809,,,,2019-08-17 14:38:27,
810,Vernor,Miner,Elstob,2019-08-13 4:40:37,
811,Wally,Donal,Garie,2019-07-25 0:50:26,
812,,,,2020-05-02 12:16:57,
813,Percy,Alvin,Shere,2020-01-28 17:51:29,
814,Archambault,Emile,Pinches,2020-04-13 18:23:39,
815,Elias,Kendal,Parmeter,2019-07-27 18:12:15,
816,Maurine,Lenee,Clayworth,2019-11-09 3:24:55,
817,Anthea,Tomasina,Glowacha,2019-08-04 1:24:02,
818,Farah,Cecile,Stooders,2020-02-12 1:09:38,
819,Northrop,Madlen,Inglesfield,2020-01-14 0:24:27,
820,,,,2019-06-01 15:52:53,
821,Talya,Ingelbert,Marcham,2020-04-21 23:32:47,
822,Michele,Georgie,Tombling,2019-10-01 21:57:46,
823,,,,2020-01-30 9:54:24,
824,Eziechiele,Deeyn,Bucknill,2020-03-08 13:25:02,
825,Dorris,Sherye,Vigus,2020-05-07 2:20:38,
826,,,,2020-04-09 6:34:42,
827,Cory,Georgiana,Lasty,2019-07-20 18:24:59,
828,Carr,Kane,McCerery,2019-11-04 15:03:48,
829,,,,2020-02-11 15:34:29,
830,Lennard,Cletis,Mabbitt,2020-01-01 12:49:02,
831,,,,2019-07-07 5:03:47,
832,Virgie,Cecilio,Cranny,2019-12-14 16:47:42,
833,,,,2020-04-02 10:24:58,
834,Kennedy,Eloise,Fache,2020-01-24 12:55:49,
835,,,,2019-06-03 12:26:40,
836,Manfred,Rory,Sealy,2020-02-13 10:03:43,
837,Marwin,Margy,Gormally,2019-11-08 18:49:04,
838,,,,2020-03-17 18:33:21,
839,Shurlocke,Henriette,Munby,2019-09-11 18:42:28,
840,,,,2020-05-18 0:53:28,
841,,,,2019-06-20 19:31:40,
842,Kali,Dieter,Gabites,2019-11-13 19:16:56,
843,,,,2019-12-03 13:51:36,
844,,,,2019-06-13 10:17:09,
845,,,,2020-03-05 12:07:30,
846,Chandler,Marietta,Ratcliffe,2019-08-03 15:08:33,
847,Charmine,Sheba,Marlow,2020-04-25 2:41:36,
848,,,,2020-04-16 23:52:14,
849,Sinclare,Gwendolyn,Basindale,2020-03-05 10:46:41,
850,Gui,Alie,Cousin,2020-05-06 4:44:39,
851,,,,2019-12-26 20:06:29,
852,Daniella,Raphaela,Pitfield,2020-01-04 6:12:39,
853,Cordie,Davida,Click,2019-08-04 23:04:04,
854,Ric,Gayel,Izakoff,2019-06-30 13:05:46,
855,Dru,Wake,Sinnat,2019-09-24 16:16:52,
856,Caterina,Humbert,Senogles,2020-02-08 13:52:57,
857,Lilly,Deeanne,Burfitt,2019-12-02 23:53:20,
858,Armin,Jeff,Cucuzza,2019-08-18 12:15:13,
859,Meyer,Dennison,Maulin,2020-02-08 9:22:00,
860,,,,2019-12-11 17:46:40,
861,Sandi,Emelen,Gillice,2019-10-26 4:57:13,
862,,,,2019-08-06 5:52:57,
863,Hansiain,Haroun,O'Shirine,2020-02-12 22:31:10,
864,,,,2019-11-25 2:55:15,
865,,,,2019-06-12 1:17:58,
866,,,,2019-08-05 13:49:52,
867,Coralie,Lolly,Paulsen,2019-11-22 21:18:03,
868,Selena,Finlay,Trunby,2019-06-02 5:58:41,
869,Kassia,Matelda,Giuroni,2019-11-21 5:14:40,
870,Tedman,Fin,Yegorov,2019-12-30 7:45:37,
871,Aubrette,Winnah,Fallow,2019-11-28 0:55:50,
872,Wallas,Thacher,Piotrkowski,2020-01-12 22:27:00,
873,,,,2019-12-05 10:36:36,
874,Yevette,Caria,Shade,2020-04-19 11:39:43,
875,Fowler,Huntington,Mulvin,2019-06-25 2:12:45,
876,Selby,Tilda,Erbain,2019-11-09 11:56:22,
877,Pegeen,Trixy,Bastian,2019-08-16 5:42:25,
878,Zitella,Shantee,Fawkes,2020-01-23 8:19:48,
879,Thia,Maryjane,Owbrick,2020-02-24 7:03:46,
880,Aubrette,Josey,Haszard,2019-08-30 15:47:05,
881,Nevins,Agna,Kinnett,2019-11-28 22:09:00,
882,Raffarty,Lutero,Ansley,2020-04-16 3:42:08,
883,Kathleen,Anatollo,Behnen,2019-07-05 8:50:42,
884,,,,2019-07-05 9:35:58,
885,,,,2019-09-12 11:59:15,
886,,,,2019-08-22 7:40:19,
887,Bridget,Eric,Drohan,2019-09-01 9:52:59,
888,Tomkin,Guillemette,Poschel,2019-10-18 3:47:57,
889,,,,2020-01-08 0:02:52,
890,,,,2019-09-12 7:30:39,
891,,,,2020-05-14 5:58:04,
892,Drew,Lona,Aldam,2020-01-15 16:09:28,
893,Hillery,Beaufort,Labden,2019-12-09 23:41:23,
894,Amalle,Boot,Noell,2019-07-17 19:51:58,
895,Karolina,Armando,Bayfield,2019-09-17 8:34:36,
896,Prisca,Vince,Bengtson,2019-06-03 18:48:59,
897,Haven,Layla,Trusse,2020-05-14 13:17:58,
898,Cecilla,Ariadne,Dodridge,2019-12-18 9:58:39,
899,Cliff,Trenton,Tipperton,2020-03-30 16:34:31,
900,,,,2020-04-02 17:42:10,
901,Mack,Kayle,Cornock,2020-01-01 15:29:00,
902,Yorke,Katherine,Patchett,2020-05-07 15:37:38,
903,,,,2019-07-31 20:32:37,
904,,,,2020-04-01 2:32:17,
905,Rawley,Valaree,Vasilenko,2020-04-03 23:31:04,
906,Patrick,Lorianne,Aulton,2020-03-28 5:28:19,
907,,,,2019-07-25 15:47:23,
908,Ambrose,Willyt,Kevane,2020-04-15 19:52:28,
909,Heloise,Alford,Sangwine,2019-05-29 18:14:42,
910,,,,2019-09-17 13:50:21,
911,Ellis,Guenevere,Ladd,2020-02-17 21:20:13,
912,Yalonda,Marcie,Bouzek,2019-06-21 5:57:05,
913,Rudiger,Anatola,Haine,2020-05-15 20:01:08,
914,Pauli,Marchall,Suche,2019-12-25 15:23:29,
915,,,,2020-01-24 15:47:59,
916,,,,2019-09-15 2:18:57,
917,,,,2020-01-26 11:05:16,
918,,,,2019-12-29 8:31:19,
919,Arny,Huberto,Harrigan,2020-03-04 10:16:51,
920,,,,2019-10-09 6:47:31,
921,Silvan,Celesta,O'Giany,2019-12-16 13:18:58,
922,,,,2020-04-21 1:36:08,
923,Louis,Lavinia,Lamminam,2020-04-02 10:54:11,
924,Diarmid,Rowan,Walhedd,2019-07-29 1:08:48,
925,Danielle,Dael,Brunelli,2020-05-01 16:07:36,
926,Timothy,Francene,Bourdon,2020-05-10 11:07:26,
927,,,,2020-05-15 1:40:09,
928,Darrin,Ursulina,Debrick,2019-07-29 5:47:16,
929,Mathias,Gordan,D'Ambrogi,2020-04-03 8:35:11,
930,Byron,Jefferson,McGonigal,2019-08-02 14:53:53,
931,Lindsay,Rancell,MacDiarmond,2019-09-22 11:00:19,
932,Giselbert,Michail,Teasdale,2019-06-18 6:44:19,
933,Nickey,Miranda,Esche,2019-12-21 2:46:26,
934,,,,2020-05-08 6:08:56,
935,,,,2019-07-03 12:42:32,
936,,,,2019-05-24 23:23:07,
937,,,,2019-11-06 17:53:41,
938,,,,2020-04-20 23:21:28,
939,Katherina,Eunice,Weald,2020-02-04 23:48:51,
940,,,,2019-12-04 19:18:16,
941,Gilles,Carleton,Filasov,2019-10-04 23:26:21,
942,,,,2019-07-20 21:20:18,
943,Ron,Colman,Childers,2020-04-06 13:00:01,
944,Corbett,Kevin,Hedon,2019-07-11 11:40:35,
945,Sig,Joletta,Grills,2019-12-25 9:07:26,
946,,,,2020-03-18 10:11:00,
947,,,,2019-07-31 0:30:56,
948,Millisent,Delphine,Cuvley,2019-12-30 23:27:40,
949,,,,2020-03-04 15:41:47,
950,Andrej,Zorana,Lownsbrough,2019-10-15 4:33:11,
951,Carrie,Barty,Elkington,2020-04-08 1:39:19,
952,,,,2019-07-20 19:06:03,
953,,,,2019-08-12 11:25:43,
954,,,,2020-02-25 18:43:42,
955,,,,2019-06-18 15:30:14,
956,See,Anya,Bernardino,2019-10-30 18:20:56,
957,,,,2019-09-17 14:34:32,
958,,,,2019-11-28 10:01:12,
959,Rina,Yale,Bangs,2019-07-04 10:55:10,
960,Alex,Muriel,Pancost,2019-10-27 23:39:25,
961,,,,2020-03-15 18:46:57,
962,,,,2019-11-24 3:52:15,
963,,,,2019-07-03 20:56:51,
964,Neil,Norry,MacAfee,2019-09-20 2:50:18,
965,Ulberto,Antonietta,Knutsen,2020-04-26 1:37:09,
966,Dal,Jannel,Pomroy,2019-11-13 16:28:25,
967,Hewitt,Bordy,Flury,2019-07-10 16:50:37,
968,Twila,Kylen,Foxon,2020-02-25 4:23:43,
969,Ambrosius,Torry,Gladstone,2020-04-21 21:32:57,
970,Pauline,Ruby,Milborn,2019-10-06 7:29:38,
971,Lyon,Cleopatra,Odd,2019-07-26 19:29:03,
972,Joice,Peyton,Campanelli,2020-03-12 7:18:17,
973,,,,2020-04-06 2:09:49,
974,,,,2019-11-14 0:35:53,
975,,,,2019-10-17 10:30:10,
976,,,,2020-04-02 19:41:37,
977,,,,2020-04-01 8:10:10,
978,,,,2020-02-03 16:27:12,
979,Jeni,Roseanna,Hurley,2020-02-18 11:43:17,
980,,,,2019-10-12 12:54:49,
981,Jeffie,Fran,Rozet,2020-02-24 10:28:09,
982,,,,2019-10-07 20:02:42,
983,Laraine,Esra,Dumbarton,2020-03-08 0:23:35,
984,,,,2019-12-31 4:45:23,
985,Marissa,Taryn,Borkin,2019-10-09 23:53:55,
986,,,,2019-08-22 10:54:40,
987,,,,2019-11-11 7:01:44,
988,Colin,Kassandra,Varne,2019-07-25 1:55:42,
989,Keane,Natasha,Lamkin,2020-01-18 10:23:25,
990,Isis,Luelle,Taggett,2019-11-11 1:24:30,
991,Katine,Ruttger,Bowerbank,2020-04-20 23:30:03,
992,Dominik,Sally,MacGarvey,2020-03-04 10:53:45,
993,Dorena,Prudy,Haill,2019-07-16 17:34:07,
994,,,,2019-11-09 4:06:39,
995,Michelle,Dannel,MacCarter,2020-02-26 6:34:03,
996,,,,2019-11-06 6:58:03,
997,Hildy,Ivy,Dikes,2019-12-16 22:06:04,
998,Demeter,Jordain,Maseyk,2020-04-04 17:37:36,
999,,,,2020-03-24 2:27:47,
1000,Wittie,Dilan,Dicker,2019-06-28 2:46:23,